[{"@type":"mappingTemplate","id":"@1","name":"dataTransferMapping","description":"","bundleVersion":"0","templateId":"@3","deployTime":1666075294000,"hasParameters":false,"valid":true,"fixedConnection":true,"hasParametersDeployed":false,"fixedConnectionDeployed":true,"tasks":1,"mappingPreviewFileRecordId":"@2","documentType":"MAPPING","references":[{"@type":"reference","refObjectId":"@6Rp8xQciuDUcphGkwyK2s8","refType":"connection"},{"@type":"reference","refObjectId":"@lEu42a0tKWkj4vYKDS8JU4","refType":"connection"}]}]