<?xml version='1.0' encoding='UTF-8'?>
<DXArchiveData version="10.0.0" exportDate="2022-11-04T06:50:54" buildNumber="PERFORCE_REVISION_NOT_SET" headerChecksum="v1qr5fI5NdPztI3F4kOocGiWP16aF0x4oWsTs0fSaPDNI=">
<DIHTopic xmlIdentity="XmlDIHTopic-3923"><name>Huge_Data_Customer</name><canonicalStructure><name>Huge_Data_Customer</name><tables><columns><fieldType>STRING</fieldType><filterAccelerator>false</filterAccelerator><isEncrypted>false</isEncrypted><length>255</length><name>zip_internal_id</name><nullable>false</nullable><precision>255</precision><primaryKey>false</primaryKey><scale>-1</scale><stagingName>zip_internal_id</stagingName></columns><columns><fieldType>STRING</fieldType><filterAccelerator>false</filterAccelerator><isEncrypted>false</isEncrypted><length>255</length><name>customer_longitude</name><nullable>false</nullable><precision>255</precision><primaryKey>false</primaryKey><scale>-1</scale><stagingName>customer_longitude</stagingName></columns><columns><fieldType>STRING</fieldType><filterAccelerator>false</filterAccelerator><isEncrypted>false</isEncrypted><length>255</length><name>customer_latitude</name><nullable>false</nullable><precision>255</precision><primaryKey>false</primaryKey><scale>-1</scale><stagingName>customer_latitude</stagingName></columns><columns><fieldType>STRING</fieldType><filterAccelerator>false</filterAccelerator><isEncrypted>false</isEncrypted><length>255</length><name>superseded</name><nullable>false</nullable><precision>255</precision><primaryKey>false</primaryKey><scale>-1</scale><stagingName>superseded</stagingName></columns><columns><fieldType>STRING</fieldType><filterAccelerator>false</filterAccelerator><isEncrypted>false</isEncrypted><length>255</length><name>entered</name><nullable>false</nullable><precision>255</precision><primaryKey>false</primaryKey><scale>-1</scale><stagingName>entered</stagingName></columns><columns><fieldType>STRING</fieldType><filterAccelerator>false</filterAccelerator><isEncrypted>false</isEncrypted><length>255</length><name>request_id</name><nullable>false</nullable><precision>255</precision><primaryKey>false</primaryKey><scale>-1</scale><stagingName>request_id</stagingName></columns><columns><fieldType>STRING</fieldType><filterAccelerator>false</filterAccelerator><isEncrypted>false</isEncrypted><length>255</length><name>end_date</name><nullable>false</nullable><precision>255</precision><primaryKey>false</primaryKey><scale>-1</scale><stagingName>end_date</stagingName></columns><columns><fieldType>STRING</fieldType><filterAccelerator>false</filterAccelerator><isEncrypted>false</isEncrypted><length>255</length><name>start_date</name><nullable>false</nullable><precision>255</precision><primaryKey>false</primaryKey><scale>-1</scale><stagingName>start_date</stagingName></columns><columns><fieldType>STRING</fieldType><filterAccelerator>false</filterAccelerator><isEncrypted>false</isEncrypted><length>255</length><name>customer_type_id</name><nullable>false</nullable><precision>255</precision><primaryKey>false</primaryKey><scale>-1</scale><stagingName>customer_type_id</stagingName></columns><columns><fieldType>STRING</fieldType><filterAccelerator>false</filterAccelerator><isEncrypted>false</isEncrypted><length>255</length><name>customer_name</name><nullable>false</nullable><precision>255</precision><primaryKey>false</primaryKey><scale>-1</scale><stagingName>customer_name</stagingName></columns><columns><fieldType>STRING</fieldType><filterAccelerator>false</filterAccelerator><isEncrypted>false</isEncrypted><length>255</length><name>customer_id</name><nullable>false</nullable><precision>255</precision><primaryKey>false</primaryKey><scale>-1</scale><stagingName>customer_id</stagingName></columns><columns><fieldType>STRING</fieldType><filterAccelerator>false</filterAccelerator><isEncrypted>false</isEncrypted><length>255</length><name>customer_internal_id</name><nullable>false</nullable><precision>255</precision><primaryKey>false</primaryKey><scale>-1</scale><stagingName>customer_internal_i__1e4f2d2fc</stagingName></columns><columns><fieldType>INT64</fieldType><filterAccelerator>false</filterAccelerator><isEncrypted>false</isEncrypted><length>-1</length><name>id</name><nullable>false</nullable><precision>-1</precision><primaryKey>false</primaryKey><scale>-1</scale><stagingName>id</stagingName></columns><columns><fieldType>PUBLICATION_DATE_FIELD_TYPE</fieldType><filterAccelerator>true</filterAccelerator><isEncrypted>false</isEncrypted><length>-1</length><name>DIH__PUBLICATION_INSTANCE_DATE</name><nullable>false</nullable><precision>-1</precision><primaryKey>false</primaryKey><scale>-1</scale><stagingName>DIH__PUBLICATION_INSTANCE_DATE</stagingName></columns><columns><fieldType>PUBLICATION_INSTANCE_ID_FIELD_TYPE</fieldType><filterAccelerator>true</filterAccelerator><isEncrypted>false</isEncrypted><length>19</length><name>DIH__PUBLICATION_INSTANCE_ID</name><nullable>false</nullable><precision>19</precision><primaryKey>false</primaryKey><scale>0</scale><stagingName>DIH__PUBLICATION_INSTANCE_ID</stagingName></columns><name>Customer</name><stagingName>Customer__Huge_D_152c76fde063f</stagingName><utilityName>Customer__Huge_D_152c76fde063f__DIHUTILITY</utilityName></tables><tables><columns><fieldType>STRING</fieldType><filterAccelerator>false</filterAccelerator><isEncrypted>false</isEncrypted><length>255</length><name>zip_internal_id</name><nullable>false</nullable><precision>255</precision><primaryKey>false</primaryKey><scale>-1</scale><stagingName>zip_internal_id</stagingName></columns><columns><fieldType>STRING</fieldType><filterAccelerator>false</filterAccelerator><isEncrypted>false</isEncrypted><length>255</length><name>customer_longitude</name><nullable>false</nullable><precision>255</precision><primaryKey>false</primaryKey><scale>-1</scale><stagingName>customer_longitude</stagingName></columns><columns><fieldType>STRING</fieldType><filterAccelerator>false</filterAccelerator><isEncrypted>false</isEncrypted><length>255</length><name>customer_latitude</name><nullable>false</nullable><precision>255</precision><primaryKey>false</primaryKey><scale>-1</scale><stagingName>customer_latitude</stagingName></columns><columns><fieldType>STRING</fieldType><filterAccelerator>false</filterAccelerator><isEncrypted>false</isEncrypted><length>255</length><name>superseded</name><nullable>false</nullable><precision>255</precision><primaryKey>false</primaryKey><scale>-1</scale><stagingName>superseded</stagingName></columns><columns><fieldType>STRING</fieldType><filterAccelerator>false</filterAccelerator><isEncrypted>false</isEncrypted><length>255</length><name>entered</name><nullable>false</nullable><precision>255</precision><primaryKey>false</primaryKey><scale>-1</scale><stagingName>entered</stagingName></columns><columns><fieldType>STRING</fieldType><filterAccelerator>false</filterAccelerator><isEncrypted>false</isEncrypted><length>255</length><name>request_id</name><nullable>false</nullable><precision>255</precision><primaryKey>false</primaryKey><scale>-1</scale><stagingName>request_id</stagingName></columns><columns><fieldType>STRING</fieldType><filterAccelerator>false</filterAccelerator><isEncrypted>false</isEncrypted><length>255</length><name>end_date</name><nullable>false</nullable><precision>255</precision><primaryKey>false</primaryKey><scale>-1</scale><stagingName>end_date</stagingName></columns><columns><fieldType>STRING</fieldType><filterAccelerator>false</filterAccelerator><isEncrypted>false</isEncrypted><length>255</length><name>start_date</name><nullable>false</nullable><precision>255</precision><primaryKey>false</primaryKey><scale>-1</scale><stagingName>start_date</stagingName></columns><columns><fieldType>STRING</fieldType><filterAccelerator>false</filterAccelerator><isEncrypted>false</isEncrypted><length>255</length><name>customer_type_id</name><nullable>false</nullable><precision>255</precision><primaryKey>false</primaryKey><scale>-1</scale><stagingName>customer_type_id</stagingName></columns><columns><fieldType>STRING</fieldType><filterAccelerator>false</filterAccelerator><isEncrypted>false</isEncrypted><length>255</length><name>customer_name</name><nullable>false</nullable><precision>255</precision><primaryKey>false</primaryKey><scale>-1</scale><stagingName>customer_name</stagingName></columns><columns><fieldType>STRING</fieldType><filterAccelerator>false</filterAccelerator><isEncrypted>false</isEncrypted><length>255</length><name>customer_id</name><nullable>false</nullable><precision>255</precision><primaryKey>false</primaryKey><scale>-1</scale><stagingName>customer_id</stagingName></columns><columns><fieldType>STRING</fieldType><filterAccelerator>false</filterAccelerator><isEncrypted>false</isEncrypted><length>255</length><name>customer_internal_id</name><nullable>false</nullable><precision>255</precision><primaryKey>false</primaryKey><scale>-1</scale><stagingName>customer_internal_i__1e4f2d2fc</stagingName></columns><columns><fieldType>INT64</fieldType><filterAccelerator>false</filterAccelerator><isEncrypted>false</isEncrypted><length>-1</length><name>id</name><nullable>false</nullable><precision>-1</precision><primaryKey>false</primaryKey><scale>-1</scale><stagingName>id</stagingName></columns><columns><fieldType>PUBLICATION_DATE_FIELD_TYPE</fieldType><filterAccelerator>true</filterAccelerator><isEncrypted>false</isEncrypted><length>-1</length><name>DIH__PUBLICATION_INSTANCE_DATE</name><nullable>false</nullable><precision>-1</precision><primaryKey>false</primaryKey><scale>-1</scale><stagingName>DIH__PUBLICATION_INSTANCE_DATE</stagingName></columns><columns><fieldType>PUBLICATION_INSTANCE_ID_FIELD_TYPE</fieldType><filterAccelerator>true</filterAccelerator><isEncrypted>false</isEncrypted><length>19</length><name>DIH__PUBLICATION_INSTANCE_ID</name><nullable>false</nullable><precision>19</precision><primaryKey>false</primaryKey><scale>0</scale><stagingName>DIH__PUBLICATION_INSTANCE_ID</stagingName></columns><name>Customer_withJoins</name><stagingName>Customer__Huge_D_192346042063f</stagingName><utilityName>Customer__Huge_D_192346042063f__DIHUTILITY</utilityName></tables><tables><columns><fieldType>STRING</fieldType><filterAccelerator>false</filterAccelerator><isEncrypted>false</isEncrypted><length>255</length><name>zip_internal_id</name><nullable>false</nullable><precision>255</precision><primaryKey>false</primaryKey><scale>-1</scale><stagingName>zip_internal_id</stagingName></columns><columns><fieldType>STRING</fieldType><filterAccelerator>false</filterAccelerator><isEncrypted>false</isEncrypted><length>255</length><name>customer_longitude</name><nullable>false</nullable><precision>255</precision><primaryKey>false</primaryKey><scale>-1</scale><stagingName>customer_longitude</stagingName></columns><columns><fieldType>STRING</fieldType><filterAccelerator>false</filterAccelerator><isEncrypted>false</isEncrypted><length>255</length><name>customer_latitude</name><nullable>false</nullable><precision>255</precision><primaryKey>false</primaryKey><scale>-1</scale><stagingName>customer_latitude</stagingName></columns><columns><fieldType>STRING</fieldType><filterAccelerator>false</filterAccelerator><isEncrypted>false</isEncrypted><length>255</length><name>superseded</name><nullable>false</nullable><precision>255</precision><primaryKey>false</primaryKey><scale>-1</scale><stagingName>superseded</stagingName></columns><columns><fieldType>STRING</fieldType><filterAccelerator>false</filterAccelerator><isEncrypted>false</isEncrypted><length>255</length><name>entered</name><nullable>false</nullable><precision>255</precision><primaryKey>false</primaryKey><scale>-1</scale><stagingName>entered</stagingName></columns><columns><fieldType>STRING</fieldType><filterAccelerator>false</filterAccelerator><isEncrypted>false</isEncrypted><length>255</length><name>request_id</name><nullable>false</nullable><precision>255</precision><primaryKey>false</primaryKey><scale>-1</scale><stagingName>request_id</stagingName></columns><columns><fieldType>STRING</fieldType><filterAccelerator>false</filterAccelerator><isEncrypted>false</isEncrypted><length>255</length><name>end_date</name><nullable>false</nullable><precision>255</precision><primaryKey>false</primaryKey><scale>-1</scale><stagingName>end_date</stagingName></columns><columns><fieldType>STRING</fieldType><filterAccelerator>false</filterAccelerator><isEncrypted>false</isEncrypted><length>255</length><name>start_date</name><nullable>false</nullable><precision>255</precision><primaryKey>false</primaryKey><scale>-1</scale><stagingName>start_date</stagingName></columns><columns><fieldType>STRING</fieldType><filterAccelerator>false</filterAccelerator><isEncrypted>false</isEncrypted><length>255</length><name>customer_type_id</name><nullable>false</nullable><precision>255</precision><primaryKey>false</primaryKey><scale>-1</scale><stagingName>customer_type_id</stagingName></columns><columns><fieldType>STRING</fieldType><filterAccelerator>false</filterAccelerator><isEncrypted>false</isEncrypted><length>255</length><name>customer_name</name><nullable>false</nullable><precision>255</precision><primaryKey>false</primaryKey><scale>-1</scale><stagingName>customer_name</stagingName></columns><columns><fieldType>STRING</fieldType><filterAccelerator>false</filterAccelerator><isEncrypted>false</isEncrypted><length>255</length><name>customer_id</name><nullable>false</nullable><precision>255</precision><primaryKey>false</primaryKey><scale>-1</scale><stagingName>customer_id</stagingName></columns><columns><fieldType>STRING</fieldType><filterAccelerator>false</filterAccelerator><isEncrypted>false</isEncrypted><length>255</length><name>customer_internal_id</name><nullable>false</nullable><precision>255</precision><primaryKey>false</primaryKey><scale>-1</scale><stagingName>customer_internal_i__1e4f2d2fc</stagingName></columns><columns><fieldType>INT64</fieldType><filterAccelerator>false</filterAccelerator><isEncrypted>false</isEncrypted><length>-1</length><name>id</name><nullable>false</nullable><precision>-1</precision><primaryKey>false</primaryKey><scale>-1</scale><stagingName>id</stagingName></columns><columns><fieldType>PUBLICATION_DATE_FIELD_TYPE</fieldType><filterAccelerator>true</filterAccelerator><isEncrypted>false</isEncrypted><length>-1</length><name>DIH__PUBLICATION_INSTANCE_DATE</name><nullable>false</nullable><precision>-1</precision><primaryKey>false</primaryKey><scale>-1</scale><stagingName>DIH__PUBLICATION_INSTANCE_DATE</stagingName></columns><columns><fieldType>PUBLICATION_INSTANCE_ID_FIELD_TYPE</fieldType><filterAccelerator>true</filterAccelerator><isEncrypted>false</isEncrypted><length>19</length><name>DIH__PUBLICATION_INSTANCE_ID</name><nullable>false</nullable><precision>19</precision><primaryKey>false</primaryKey><scale>0</scale><stagingName>DIH__PUBLICATION_INSTANCE_ID</stagingName></columns><name>Customer_WithJoinsAndFilters</name><stagingName>Customer__Huge_D_14a5e1c06063f</stagingName><utilityName>Customer__Huge_D_14a5e1c06063f__DIHUTILITY</utilityName></tables></canonicalStructure><description></description><externalId>DIH__top_Huge_Data_Customer</externalId><frsLocationPath>sarangProject/pub_sub_task_for_huge_data</frsLocationPath><isDefaultStorageLocation>true</isDefaultStorageLocation><isDeprecated>false</isDeprecated><isPartitioned>true</isPartitioned><isUnstructured>false</isUnstructured><publicationRepositoryType>RDBMS</publicationRepositoryType><retentionMaxLife>1</retentionMaxLife><retentionPeriod>1</retentionPeriod><topicType>Full</topicType></DIHTopic>

</DXArchiveData>
